"Path","Platform","Compiled","Cooked","Permutations","Compiletime","CompiledDouble","CookedDouble"
"/ControlRig/Controls/ControlRigGizmoMaterial.ControlRigGizmoMaterial","0","0","4","1","0.000000","0","0"
"/Engine/EditorMaterials/PhAT_NoCollisionMaterial.PhAT_NoCollisionMaterial","0","0","3","1","0.000000","0","0"
"/Engine/EditorMaterials/PhAT_UnselectedMaterial.PhAT_UnselectedMaterial","0","0","3","1","0.000000","0","0"
"/MeshModelingToolset/Materials/M_DynamicMeshComponentVtxColor.M_DynamicMeshComponentVtxColor","0","0","20","1","0.000000","0","0"
"/Engine/EngineMaterials/GizmoMaterial.GizmoMaterial","0","0","8","1","0.000000","0","0"
"/Engine/EngineDebugMaterials/DebugMeshMaterial.DebugMeshMaterial","0","0","5","1","0.000000","0","0"
"/Engine/EngineMaterials/RemoveSurfaceMaterial.RemoveSurfaceMaterial","0","0","4","1","0.000000","0","0"
"/Engine/EngineMaterials/NaniteHiddenSectionMaterial.NaniteHiddenSectionMaterial","0","0","29","1","0.000000","0","0"
"/Engine/EditorLandscapeResources/SplineEditorMeshMat.SplineEditorMeshMat","0","0","14","1","0.000000","0","0"
"/Engine/EngineDebugMaterials/DebugEditorMaterial.DebugEditorMaterial","0","0","8","1","0.000000","0","0"
"/Engine/EngineDebugMaterials/M_SimpleUnlitTranslucent.M_SimpleUnlitTranslucent","0","0","3","1","0.000000","0","0"
"/Engine/EditorMaterials/Camera/CineMat.CineMat","0","0","26","1","0.000000","0","0"
"/Engine/VREditor/TransformGizmo/Xray.Xray","0","0","14","1","0.000000","0","0"
"/Engine/VREditor/TransformGizmo/Main.Main","0","0","3","1","0.000000","0","0"
"/Engine/VREditor/TransformGizmo/TranslucentTransformGizmoMaterial.TranslucentTransformGizmoMaterial","0","0","3","1","0.000000","0","0"
"/ControlRig/Controls/ControlRigXRayMaterial.ControlRigXRayMaterial","0","0","9","1","0.000000","0","0"
"/Engine/EngineMaterials/DefaultLightFunctionMaterial.DefaultLightFunctionMaterial","0","0","44","1","0.000000","0","0"
"/Game/Realistic_Starter_VFX_Pack_Vol2/Materials/M_Mud.M_Mud","0","0","58","1","0.000000","0","0"
"/Game/Realistic_Starter_VFX_Pack_Vol2/Materials/M_Derbis.M_Derbis","0","0","26","1","0.000000","0","0"
"/Game/Realistic_Starter_VFX_Pack_Vol2/Materials/M_Basic_Shape.M_Basic_Shape","0","0","46","1","0.000000","0","0"
"/Game/Realistic_Starter_VFX_Pack_Vol2/DemoRoom/Materials/M_DemoWall.M_DemoWall","0","0","59","1","0.000000","0","0"
"/Game/PCMHall/Materials/Master/M_LIGHT.M_LIGHT","0","0","23","1","0.000000","0","0"
"/Game/LPGenericPropsSet10/Materials/Generic/M_GenericGlass.M_GenericGlass","0","0","27","1","0.000000","0","0"
"/Game/low-poly-vehicle-mini-pack-3/source/env.env","0","0","26","1","0.000000","0","0"
"/Game/low-poly-vehicle-mini-pack-3/source/city_bus_mini_002.city_bus_mini_002","0","0","26","1","0.000000","0","0"
"/Game/low-poly-vehicle-mini-pack-3/source/city_bus_mini_001.city_bus_mini_001","0","0","26","1","0.000000","0","0"
"/Game/low-poly-vehicle-mini-pack-3/source/city_bus_mini.city_bus_mini","0","0","26","1","0.000000","0","0"
"/Game/low-poly-vehicle-mini-pack-3/source/city_bus_001.city_bus_001","0","0","26","1","0.000000","0","0"
"/Game/low-poly-vehicle-mini-pack-3/source/bus.bus","0","0","26","1","0.000000","0","0"
"/Game/LevelPrototyping/Materials/M_Solid.M_Solid","0","0","26","1","0.000000","0","0"
"/Game/low-poly-vehicle-mini-pack-3/source/city_bus_002.city_bus_002","0","0","26","1","0.000000","0","0"
"/Game/low-poly-vehicle-mini-pack-3/source/city_bus.city_bus","0","0","26","1","0.000000","0","0"
"/Game/low-poly-vehicle-mini-pack-3/source/city_articulated_bus_002.city_articulated_bus_002","0","0","26","1","0.000000","0","0"
"/Game/low-poly-vehicle-mini-pack-3/source/city_articulated_bus_001.city_articulated_bus_001","0","0","26","1","0.000000","0","0"
"/Game/low-poly-vehicle-mini-pack-3/source/city_articulated_bus.city_articulated_bus","0","0","26","1","0.000000","0","0"
"/Game/low-poly-vehicle-mini-pack-3/source/bus_long_002.bus_long_002","0","0","26","1","0.000000","0","0"
"/Game/low-poly-vehicle-mini-pack-3/source/bus_002.bus_002","0","0","26","1","0.000000","0","0"
"/Game/low-poly-vehicle-mini-pack-3/source/bus_long.bus_long","0","0","26","1","0.000000","0","0"
"/Engine/EngineSky/M_SimpleSkyDome.M_SimpleSkyDome","0","0","4","1","0.000000","0","0"
"/Game/Realistic_Starter_VFX_Pack_Vol2/Materials/M_Impact_C.M_Impact_C","0","0","9","1","0.000000","0","0"
"/Game/Realistic_Starter_VFX_Pack_Vol2/Materials/M_Explosion_B.M_Explosion_B","0","0","54","1","0.000000","0","0"
"/Engine/EngineMaterials/FlattenMaterial_VT.FlattenMaterial_VT","0","0","35","1","0.000000","0","0"
"/Engine/EngineMaterials/FlattenMaterial.FlattenMaterial","0","0","35","1","0.000000","0","0"
"/Engine/EngineMaterials/FlattenMaterial_WS_Normal_VT.FlattenMaterial_WS_Normal_VT","0","0","35","1","0.000000","0","0"
"/Engine/EngineMaterials/M_InvalidLightmapSettings.M_InvalidLightmapSettings","0","0","28","1","0.000000","0","0"
"/Engine/EngineMaterials/EmissiveMeshMaterial.EmissiveMeshMaterial","0","0","5","1","0.000000","0","0"
"/Game/Realistic_Starter_VFX_Pack_Vol2/Materials/M_Spark_A.M_Spark_A","0","0","9","1","0.000000","0","0"
"/Game/Realistic_Starter_VFX_Pack_Vol2/Materials/M_Glow_C.M_Glow_C","0","0","12","1","0.000000","0","0"
"/Game/Realistic_Starter_VFX_Pack_Vol2/Materials/M_Smoke_Wisp.M_Smoke_Wisp","0","0","54","1","0.000000","0","0"
"/Game/Realistic_Starter_VFX_Pack_Vol2/Materials/M_Smoke_A.M_Smoke_A","0","0","72","1","0.000000","0","0"
"/Game/Realistic_Starter_VFX_Pack_Vol2/Materials/M_Rock_B.M_Rock_B","0","0","90","1","0.000000","0","0"
"/Engine/BasicShapes/BasicShapeMaterial.BasicShapeMaterial","0","0","67","1","0.000000","0","0"
"/Game/Realistic_Starter_VFX_Pack_Vol2/Materials/M_Heat_Distortion.M_Heat_Distortion","0","0","21","1","0.000000","0","0"
"/Game/Realistic_Starter_VFX_Pack_Vol2/Materials/M_Distortion.M_Distortion","0","0","60","1","0.000000","0","0"
"/Game/kids/Boy01_Mouth_MAT2.Boy01_Mouth_MAT2","0","0","36","1","0.000000","0","0"
"/Game/kids/Boy01_Eyes_MAT2.Boy01_Eyes_MAT2","0","0","36","1","0.000000","0","0"
"/Game/kids/Boy01_Brows_MAT2.Boy01_Brows_MAT2","0","0","36","1","0.000000","0","0"
"/Game/kids/Boy01_Body_MAT1.Boy01_Body_MAT1","0","0","26","1","0.000000","0","0"
"/Engine/EngineMaterials/PhAT_JointLimitMaterial.PhAT_JointLimitMaterial","0","0","9","1","0.000000","0","0"
"/ControlRig/M_Manip.M_Manip","0","0","9","1","0.000000","0","0"
"/Paper2D/DefaultSpriteMaterial.DefaultSpriteMaterial","0","0","50","2","0.000000","0","0"
"/Engine/VREditor/TransformGizmo/TransformGizmoMaterial.TransformGizmoMaterial","0","0","4","1","0.000000","0","0"
"/Engine/EngineMaterials/Widget3DPassThrough.Widget3DPassThrough","0","0","58","6","0.000000","0","3"
"/Engine/EngineDebugMaterials/M_VolumeRenderSphereTracePP.M_VolumeRenderSphereTracePP","0","0","4","1","0.000000","0","0"
"/Engine/EngineMaterials/DefaultPostProcessMaterial.DefaultPostProcessMaterial","0","0","22","1","0.000000","0","0"
"/Engine/EngineMaterials/DefaultDeferredDecalMaterial.DefaultDeferredDecalMaterial","0","0","111","1","0.000000","0","0"
"/Engine/EngineMaterials/DefaultMaterial.DefaultMaterial","0","0","127","1","0.000000","0","0"
"/Engine/EngineMaterials/WorldGridMaterial.WorldGridMaterial","0","0","845","1","0.000000","0","0"
"/Game/Realistic_Starter_VFX_Pack_Vol2/Materials/M_WaterDrop_B.M_WaterDrop_B","0","0","69","1","0.000000","0","0"
"/Game/Realistic_Starter_VFX_Pack_Vol2/Materials/M_Water_Splat.M_Water_Splat","0","0","9","1","0.000000","0","0"
"/Game/Realistic_Starter_VFX_Pack_Vol2/Materials/M_spark_C.M_Spark_C","0","0","9","1","0.000000","0","0"
"/Game/Realistic_Starter_VFX_Pack_Vol2/Materials/M_Smoke_Ground.M_Smoke_Ground","0","0","54","1","0.000000","0","0"
"/Game/Realistic_Starter_VFX_Pack_Vol2/Materials/M_Smoke_Ground_B.M_Smoke_Ground_B","0","0","54","1","0.000000","0","0"
"/Game/Realistic_Starter_VFX_Pack_Vol2/Materials/M_Smoke_C.M_Smoke_C","0","0","54","1","0.000000","0","0"
"/Game/Realistic_Starter_VFX_Pack_Vol2/Materials/M_Splat_A.M_Splat_A","0","0","9","1","0.000000","0","0"
"/Game/Realistic_Starter_VFX_Pack_Vol2/Materials/M_Blood_C.M_Blood_C","0","0","25","1","0.000000","0","0"
"/Engine/EngineMaterials/DefaultTextMaterialOpaque.DefaultTextMaterialOpaque","0","0","31","1","0.000000","0","0"
"/Game/Realistic_Starter_VFX_Pack_Vol2/DemoRoom/Materials/DefaultTextMaterialTranslucentUnlit.DefaultTextMaterialTranslucentUnlit","0","0","20","1","0.000000","0","0"
"/Game/Realistic_Starter_VFX_Pack_Vol2/Materials/M_Bubble_B.M_Bubble_B","0","0","9","1","0.000000","0","0"
"/Game/Realistic_Starter_VFX_Pack_Vol2/Materials/M_Slash.M_Slash","0","0","9","1","0.000000","0","0"
"/Game/Realistic_Starter_VFX_Pack_Vol2/Materials/M_Smoke_Ground_C.M_Smoke_Ground_C","0","0","54","1","0.000000","0","0"
"/Game/Realistic_Starter_VFX_Pack_Vol2/Materials/M_Explosion_E.M_Explosion_E","0","0","9","1","0.000000","0","0"
"/Game/Realistic_Starter_VFX_Pack_Vol2/Materials/M_Explosion_i.M_Explosion_I","0","0","72","1","0.000000","0","0"
"/Game/Realistic_Starter_VFX_Pack_Vol2/Materials/M_Smoke_Puff_A.M_Smoke_Puff_A","0","0","54","1","0.000000","0","0"
"/Game/Realistic_Starter_VFX_Pack_Vol2/Materials/M_Paper.M_Paper","0","0","54","1","0.000000","0","0"
"/Game/Realistic_Starter_VFX_Pack_Vol2/Materials/M_Wood.M_Wood","0","0","90","1","0.000000","0","0"
"/Game/Realistic_Starter_VFX_Pack_Vol2/Materials/M_Lightning_small.M_Lightning_small","0","0","9","1","0.000000","0","0"
"/Game/Realistic_Starter_VFX_Pack_Vol2/Materials/M_Impact_B.M_Impact_B","0","0","9","1","0.000000","0","0"
"/Game/Realistic_Starter_VFX_Pack_Vol2/Materials/M_Glass.M_Glass","0","0","54","1","0.000000","0","0"
"/Game/Realistic_Starter_VFX_Pack_Vol2/Materials/M_Glow_D.M_Glow_D","0","0","9","1","0.000000","0","0"
"/Game/Realistic_Starter_VFX_Pack_Vol2/Materials/M_Fire_B.M_Fire_B","0","0","9","1","0.000000","0","0"
"/Game/Realistic_Starter_VFX_Pack_Vol2/Materials/M_Fire_C.M_Fire_C","0","0","9","1","0.000000","0","0"
"/Game/Realistic_Starter_VFX_Pack_Vol2/Materials/M_Flies.M_Flies","0","0","54","1","0.000000","0","0"
"/Game/Realistic_Starter_VFX_Pack_Vol2/Materials/M_Explosion_G.M_Explosion_G","0","0","72","1","0.000000","0","0"
"/Game/Realistic_Starter_VFX_Pack_Vol2/Materials/M_Explosion_D.M_Explosion_D","0","0","72","1","0.000000","0","0"
"/Game/Realistic_Starter_VFX_Pack_Vol2/Materials/M_WaterDrop_A.M_WaterDrop_A","0","0","69","1","0.000000","0","0"
"/Game/Realistic_Starter_VFX_Pack_Vol2/Materials/M_Impact_A.M_Impact_A","0","0","9","1","0.000000","0","0"
"/Game/Realistic_Starter_VFX_Pack_Vol2/Materials/M_Dirt_B.M_Dirt_B","0","0","54","1","0.000000","0","0"
"/Game/Realistic_Starter_VFX_Pack_Vol2/Materials/M_Dandelion.M_Dandelion","0","0","9","1","0.000000","0","0"
"/Game/Realistic_Starter_VFX_Pack_Vol2/Materials/M_Butterfly.M_Butterfly","0","0","15","1","0.000000","0","0"
"/Game/Realistic_Starter_VFX_Pack_Vol2/Materials/M_Bubble_pop.M_Bubble_Pop","0","0","9","1","0.000000","0","0"
"/Game/Realistic_Starter_VFX_Pack_Vol2/Materials/M_WaterDrop.M_WaterDrop","0","0","69","1","0.000000","0","0"
"/Game/Realistic_Starter_VFX_Pack_Vol2/Materials/M_Bubble.M_Bubble","0","0","9","1","0.000000","0","0"
"/Game/PCMHall/Materials/Prop/M_IN_WOOD_B.M_IN_WOOD_B","0","0","23","1","0.000000","0","0"
"/Game/PCMHall/Materials/Prop/M_IN_WINDOW_FRAME_A.M_IN_WINDOW_FRAME_A","0","0","23","1","0.000000","0","0"
"/Game/PCMHall/Materials/Prop/M_LIGHT_F_GLASS.M_LIGHT_F_GLASS","0","0","23","1","0.000000","0","0"
"/Game/PCMHall/Materials/Prop/M_IN_WALL_TILE_A.M_IN_WALL_TILE_A","0","0","23","1","0.000000","0","0"
"/Game/PCMHall/Materials/Prop/M_IN_TILE_A.M_IN_TILE_A","0","0","23","1","0.000000","0","0"
"/Game/PCMHall/Materials/Prop/M_IN_RACE_B.M_IN_RACE_B","0","0","44","1","0.000000","0","0"
"/Game/PCMHall/Materials/Prop/M_IN_RACE_A.M_IN_RACE_A","0","0","44","1","0.000000","0","0"
"/Game/PCMHall/Materials/Prop/M_IN_CHAIR_A.M_IN_CHAIR_A","0","0","23","1","0.000000","0","0"
"/Game/PCMHall/Materials/Prop/M_CABINET_GOLD_A.M_CABINET_GOLD_A","0","0","23","1","0.000000","0","0"
"/Game/PCMHall/Materials/Prop/M_DIS_PROP_2_GLASS.M_DIS_PROP_2_GLASS","0","0","33","1","0.000000","0","0"
"/Game/PCMHall/Materials/Master/M_METAL_MASTER.M_METAL_MASTER","0","0","23","1","0.000000","0","0"
"/Game/PCMHall/Materials/Master/M_GLASS_MASTER_BLACK.M_GLASS_MASTER_BLACK","0","0","33","1","0.000000","0","0"
"/Game/LPGenericPropsSet10/Materials/Generic/M_GenericBlend.M_GenericBlend","0","0","23","1","0.000000","0","0"
"/Game/Realistic_Starter_VFX_Pack_Vol2/Materials/M_Dirt_A.M_Dirt_A","0","0","54","1","0.000000","0","0"
"/Game/LPGenericPropsSet10/Materials/Generic/M_GenericRoad.M_GenericRoad","0","0","145","1","0.000000","0","0"
"/Game/LPGenericPropsSet10/Materials/Generic/M_GenericLabel.M_GenericLabel","0","0","145","1","0.000000","0","0"
"/Engine/EngineMaterials/PPM_DefaultCalibrationGrayscale.PPM_DefaultCalibrationGrayscale","0","0","4","1","0.000000","0","0"
"/Game/low-poly-vehicle-mini-pack-3/source/bus_long_001.bus_long_001","0","0","26","1","0.000000","0","0"
"/Game/low-poly-vehicle-mini-pack-3/source/bus_001.bus_001","0","0","26","1","0.000000","0","0"
"/Game/kids/Ch46_body.Ch46_body","0","0","26","1","0.000000","0","0"
"/Game/Realistic_Starter_VFX_Pack_Vol2/Materials/M_Fire_Splat.M_Fire_Splat","0","0","9","1","0.000000","0","0"
"/Game/LPGenericPropsSet10/Materials/Generic/M_GenericBricks.M_GenericBricks","0","0","145","1","0.000000","0","0"
"/Game/LPGenericPropsSet10/Materials/Generic/M_Generic.M_Generic","0","0","290","2","0.000000","0","0"
"/Game/PCMHall/Materials/Ground/M_GROUND.M_GROUND","0","0","23","1","0.000000","0","0"
"/Engine/EngineMaterials/PPM_DefaultCalibrationColor.PPM_DefaultCalibrationColor","0","0","4","1","0.000000","0","0"
"/Engine/EditorMaterials/PreviewShadowIndicatorMaterial.PreviewShadowIndicatorMaterial","0","0","36","1","0.000000","0","0"
"/Engine/EngineSky/M_Sky_Panning_Clouds2.M_Sky_Panning_Clouds2","0","0","4","1","0.000000","0","0"
"/Game/Realistic_Starter_VFX_Pack_Vol2/Materials/M_Leaves_A.M_Leaves_A","0","0","85","1","0.000000","0","0"
"/Engine/EngineSky/VolumetricClouds/m_SimpleVolumetricCloud.m_SimpleVolumetricCloud","0","0","68","1","0.000000","0","0"
"/Engine/VREditor/SnapGrid/SnapGridMaterial.SnapGridMaterial","0","0","10","1","0.000000","0","0"
"/Game/PCMHall/Materials/Master/M_DECAL.M_DECAL","0","0","21","1","0.000000","0","0"
"/Game/LPGenericPropsSet10/Materials/Generic/M_GenericDecal.M_GenericDecal","0","0","44","1","0.000000","0","0"
"/Game/Realistic_Starter_VFX_Pack_Vol2/Materials/M_Glow_B.M_Glow_B","0","0","9","1","0.000000","0","0"
"/Game/Realistic_Starter_VFX_Pack_Vol2/Materials/M_Glow_A.M_Glow_A","0","0","9","1","0.000000","0","0"
"/Game/Realistic_Starter_VFX_Pack_Vol2/Materials/M_Snow.M_Snow","0","0","9","1","0.000000","0","0"
"/Game/Characters/Mannequin_UE4/Materials/M_MannequinUE4_Body.M_MannequinUE4_Body","0","0","116","2","0.000000","0","0"
"/Game/Realistic_Starter_VFX_Pack_Vol2/Materials/M_Fish_A.M_Fish_A","0","0","112","1","0.000000","0","0"
"/Game/PCMHall/Materials/Master/M_BASE_MASTER.M_BASE_MASTER","0","0","81","3","0.000000","0","0"
"/Game/PCMHall/Materials/Master/M_GLASS_MASTER_2.M_GLASS_MASTER_2","0","0","35","1","0.000000","0","0"
"/Game/PCMHall/Materials/Master/M_GLASS_MASTER.M_GLASS_MASTER","0","0","27","1","0.000000","0","0"
"/Game/PCMHall/Materials/M_IN_GLASS_A.M_IN_GLASS_A","0","0","27","1","0.000000","0","0"
"/Game/Characters/Mannequins/Materials/M_Mannequin.M_Mannequin","0","0","60","2","0.000000","0","60"
"/Game/LevelPrototyping/Materials/M_PrototypeGrid.M_PrototypeGrid","0","0","69","3","0.000000","0","23"
"/Interchange/gltf/M_Unlit.M_Unlit","0","0","66","6","0.000000","0","0"
"/SpeedTreeImporter/SpeedTree9/SpeedTreeBillboardMaster.SpeedTreeBillboardMaster","0","0","62","1","0.000000","0","0"
"/SpeedTreeImporter/SpeedTree9/SpeedTreeMaster.SpeedTreeMaster","0","0","88","1","0.000000","0","0"
"/Interchange/gltf/M_SpecularGlossiness.M_SpecularGlossiness","0","0","140","6","0.000000","0","0"
"/Interchange/gltf/M_Transmission.M_Transmission","0","0","50","2","0.000000","0","0"
"/Interchange/gltf/M_Sheen.M_Sheen","0","0","140","6","0.000000","0","0"
"/Interchange/gltf/M_ClearCoat.M_ClearCoat","0","0","140","6","0.000000","0","0"
"/Interchange/gltf/M_Default.M_Default","0","0","140","6","0.000000","0","0"
"/ControlRig/Controls/ControlRigGizmoMaterial.ControlRigGizmoMaterial","49","0","4","1","0.000000","0","0"
"/Engine/EditorMaterials/PhAT_NoCollisionMaterial.PhAT_NoCollisionMaterial","49","0","3","1","0.000000","0","0"
"/Engine/EditorMaterials/PhAT_UnselectedMaterial.PhAT_UnselectedMaterial","49","0","3","1","0.000000","0","0"
"/MeshModelingToolset/Materials/M_DynamicMeshComponentVtxColor.M_DynamicMeshComponentVtxColor","49","0","20","1","0.000000","0","0"
"/Engine/EngineMaterials/GizmoMaterial.GizmoMaterial","49","0","8","1","0.000000","0","0"
"/Engine/EngineDebugMaterials/DebugMeshMaterial.DebugMeshMaterial","49","0","5","1","0.000000","0","0"
"/Engine/EngineMaterials/RemoveSurfaceMaterial.RemoveSurfaceMaterial","49","0","4","1","0.000000","0","0"
"/Engine/EngineMaterials/NaniteHiddenSectionMaterial.NaniteHiddenSectionMaterial","49","0","31","1","0.000000","0","0"
"/Engine/EditorLandscapeResources/SplineEditorMeshMat.SplineEditorMeshMat","49","0","16","1","0.000000","0","0"
"/Engine/EngineDebugMaterials/DebugEditorMaterial.DebugEditorMaterial","49","0","8","1","0.000000","0","0"
"/Engine/EngineDebugMaterials/M_SimpleUnlitTranslucent.M_SimpleUnlitTranslucent","49","0","3","1","0.000000","0","0"
"/Engine/EditorMaterials/Camera/CineMat.CineMat","49","0","26","1","0.000000","0","0"
"/Engine/VREditor/TransformGizmo/Xray.Xray","49","0","14","1","0.000000","0","0"
"/Engine/VREditor/TransformGizmo/Main.Main","49","0","3","1","0.000000","0","0"
"/Engine/VREditor/TransformGizmo/TranslucentTransformGizmoMaterial.TranslucentTransformGizmoMaterial","49","0","3","1","0.000000","0","0"
"/ControlRig/Controls/ControlRigXRayMaterial.ControlRigXRayMaterial","49","0","9","1","0.000000","0","0"
"/Engine/EngineMaterials/DefaultLightFunctionMaterial.DefaultLightFunctionMaterial","49","0","52","1","0.000000","0","0"
"/Game/Realistic_Starter_VFX_Pack_Vol2/Materials/M_Mud.M_Mud","49","0","62","1","0.000000","0","0"
"/Game/Realistic_Starter_VFX_Pack_Vol2/Materials/M_Derbis.M_Derbis","49","0","26","1","0.000000","0","0"
"/Game/Realistic_Starter_VFX_Pack_Vol2/Materials/M_Basic_Shape.M_Basic_Shape","49","0","46","1","0.000000","0","0"
"/Game/Realistic_Starter_VFX_Pack_Vol2/DemoRoom/Materials/M_DemoWall.M_DemoWall","49","0","59","1","0.000000","0","0"
"/Game/PCMHall/Materials/Master/M_LIGHT.M_LIGHT","49","0","23","1","0.000000","0","0"
"/Game/LPGenericPropsSet10/Materials/Generic/M_GenericGlass.M_GenericGlass","49","0","27","1","0.000000","0","0"
"/Game/low-poly-vehicle-mini-pack-3/source/env.env","49","0","26","1","0.000000","0","0"
"/Game/low-poly-vehicle-mini-pack-3/source/city_bus_mini_002.city_bus_mini_002","49","0","26","1","0.000000","0","0"
"/Game/low-poly-vehicle-mini-pack-3/source/city_bus_mini_001.city_bus_mini_001","49","0","26","1","0.000000","0","0"
"/Game/low-poly-vehicle-mini-pack-3/source/city_bus_mini.city_bus_mini","49","0","26","1","0.000000","0","0"
"/Game/low-poly-vehicle-mini-pack-3/source/city_bus_001.city_bus_001","49","0","26","1","0.000000","0","0"
"/Game/low-poly-vehicle-mini-pack-3/source/bus.bus","49","0","26","1","0.000000","0","0"
"/Game/LevelPrototyping/Materials/M_Solid.M_Solid","49","0","26","1","0.000000","0","0"
"/Game/low-poly-vehicle-mini-pack-3/source/city_bus_002.city_bus_002","49","0","26","1","0.000000","0","0"
"/Game/low-poly-vehicle-mini-pack-3/source/city_bus.city_bus","49","0","26","1","0.000000","0","0"
"/Game/low-poly-vehicle-mini-pack-3/source/city_articulated_bus_002.city_articulated_bus_002","49","0","26","1","0.000000","0","0"
"/Game/low-poly-vehicle-mini-pack-3/source/city_articulated_bus_001.city_articulated_bus_001","49","0","26","1","0.000000","0","0"
"/Game/low-poly-vehicle-mini-pack-3/source/city_articulated_bus.city_articulated_bus","49","0","26","1","0.000000","0","0"
"/Game/low-poly-vehicle-mini-pack-3/source/bus_long_002.bus_long_002","49","0","26","1","0.000000","0","0"
"/Game/low-poly-vehicle-mini-pack-3/source/bus_002.bus_002","49","0","26","1","0.000000","0","0"
"/Game/low-poly-vehicle-mini-pack-3/source/bus_long.bus_long","49","0","26","1","0.000000","0","0"
"/Engine/EngineSky/M_SimpleSkyDome.M_SimpleSkyDome","49","0","4","1","0.000000","0","0"
"/Game/Realistic_Starter_VFX_Pack_Vol2/Materials/M_Impact_C.M_Impact_C","49","0","9","1","0.000000","0","0"
"/Game/Realistic_Starter_VFX_Pack_Vol2/Materials/M_Explosion_B.M_Explosion_B","49","0","54","1","0.000000","0","0"
"/Engine/EngineMaterials/FlattenMaterial_VT.FlattenMaterial_VT","49","0","50","1","0.000000","0","0"
"/Engine/EngineMaterials/FlattenMaterial.FlattenMaterial","49","0","50","1","0.000000","0","0"
"/Engine/EngineMaterials/FlattenMaterial_WS_Normal_VT.FlattenMaterial_WS_Normal_VT","49","0","50","1","0.000000","0","0"
"/Engine/EngineMaterials/M_InvalidLightmapSettings.M_InvalidLightmapSettings","49","0","28","1","0.000000","0","0"
"/Engine/EngineMaterials/EmissiveMeshMaterial.EmissiveMeshMaterial","49","0","5","1","0.000000","0","0"
"/Game/Realistic_Starter_VFX_Pack_Vol2/Materials/M_Spark_A.M_Spark_A","49","0","9","1","0.000000","0","0"
"/Game/Realistic_Starter_VFX_Pack_Vol2/Materials/M_Glow_C.M_Glow_C","49","0","12","1","0.000000","0","0"
"/Game/Realistic_Starter_VFX_Pack_Vol2/Materials/M_Smoke_Wisp.M_Smoke_Wisp","49","0","54","1","0.000000","0","0"
"/Game/Realistic_Starter_VFX_Pack_Vol2/Materials/M_Smoke_A.M_Smoke_A","49","0","72","1","0.000000","0","0"
"/Game/Realistic_Starter_VFX_Pack_Vol2/Materials/M_Rock_B.M_Rock_B","49","0","90","1","0.000000","0","0"
"/Engine/BasicShapes/BasicShapeMaterial.BasicShapeMaterial","49","0","82","1","0.000000","0","0"
"/Game/Realistic_Starter_VFX_Pack_Vol2/Materials/M_Heat_Distortion.M_Heat_Distortion","49","0","21","1","0.000000","0","0"
"/Game/Realistic_Starter_VFX_Pack_Vol2/Materials/M_Distortion.M_Distortion","49","0","60","1","0.000000","0","0"
"/Game/kids/Boy01_Mouth_MAT2.Boy01_Mouth_MAT2","49","0","36","1","0.000000","0","0"
"/Game/kids/Boy01_Eyes_MAT2.Boy01_Eyes_MAT2","49","0","36","1","0.000000","0","0"
"/Game/kids/Boy01_Brows_MAT2.Boy01_Brows_MAT2","49","0","36","1","0.000000","0","0"
"/Game/kids/Boy01_Body_MAT1.Boy01_Body_MAT1","49","0","26","1","0.000000","0","0"
"/Engine/EngineMaterials/PhAT_JointLimitMaterial.PhAT_JointLimitMaterial","49","0","9","1","0.000000","0","0"
"/ControlRig/M_Manip.M_Manip","49","0","9","1","0.000000","0","0"
"/Paper2D/DefaultSpriteMaterial.DefaultSpriteMaterial","49","0","54","2","0.000000","0","0"
"/Engine/VREditor/TransformGizmo/TransformGizmoMaterial.TransformGizmoMaterial","49","0","4","1","0.000000","0","0"
"/Engine/EngineMaterials/Widget3DPassThrough.Widget3DPassThrough","49","0","62","6","0.000000","0","3"
"/Engine/EngineDebugMaterials/M_VolumeRenderSphereTracePP.M_VolumeRenderSphereTracePP","49","0","4","1","0.000000","0","0"
"/Engine/EngineMaterials/DefaultPostProcessMaterial.DefaultPostProcessMaterial","49","0","22","1","0.000000","0","0"
"/Engine/EngineMaterials/DefaultDeferredDecalMaterial.DefaultDeferredDecalMaterial","49","0","111","1","0.000000","0","0"
"/Engine/EngineMaterials/DefaultMaterial.DefaultMaterial","49","0","127","1","0.000000","0","0"
"/Engine/EngineMaterials/WorldGridMaterial.WorldGridMaterial","49","0","1010","1","0.000000","0","0"
"/Game/Realistic_Starter_VFX_Pack_Vol2/Materials/M_WaterDrop_B.M_WaterDrop_B","49","0","69","1","0.000000","0","0"
"/Game/Realistic_Starter_VFX_Pack_Vol2/Materials/M_Water_Splat.M_Water_Splat","49","0","9","1","0.000000","0","0"
"/Game/Realistic_Starter_VFX_Pack_Vol2/Materials/M_spark_C.M_Spark_C","49","0","9","1","0.000000","0","0"
"/Game/Realistic_Starter_VFX_Pack_Vol2/Materials/M_Smoke_Ground.M_Smoke_Ground","49","0","54","1","0.000000","0","0"
"/Game/Realistic_Starter_VFX_Pack_Vol2/Materials/M_Smoke_Ground_B.M_Smoke_Ground_B","49","0","54","1","0.000000","0","0"
"/Game/Realistic_Starter_VFX_Pack_Vol2/Materials/M_Smoke_C.M_Smoke_C","49","0","54","1","0.000000","0","0"
"/Game/Realistic_Starter_VFX_Pack_Vol2/Materials/M_Splat_A.M_Splat_A","49","0","9","1","0.000000","0","0"
"/Game/Realistic_Starter_VFX_Pack_Vol2/Materials/M_Blood_C.M_Blood_C","49","0","25","1","0.000000","0","0"
"/Engine/EngineMaterials/DefaultTextMaterialOpaque.DefaultTextMaterialOpaque","49","0","33","1","0.000000","0","0"
"/Game/Realistic_Starter_VFX_Pack_Vol2/DemoRoom/Materials/DefaultTextMaterialTranslucentUnlit.DefaultTextMaterialTranslucentUnlit","49","0","20","1","0.000000","0","0"
"/Game/Realistic_Starter_VFX_Pack_Vol2/Materials/M_Bubble_B.M_Bubble_B","49","0","9","1","0.000000","0","0"
"/Game/Realistic_Starter_VFX_Pack_Vol2/Materials/M_Slash.M_Slash","49","0","9","1","0.000000","0","0"
"/Game/Realistic_Starter_VFX_Pack_Vol2/Materials/M_Smoke_Ground_C.M_Smoke_Ground_C","49","0","54","1","0.000000","0","0"
"/Game/Realistic_Starter_VFX_Pack_Vol2/Materials/M_Explosion_E.M_Explosion_E","49","0","9","1","0.000000","0","0"
"/Game/Realistic_Starter_VFX_Pack_Vol2/Materials/M_Explosion_i.M_Explosion_I","49","0","72","1","0.000000","0","0"
"/Game/Realistic_Starter_VFX_Pack_Vol2/Materials/M_Smoke_Puff_A.M_Smoke_Puff_A","49","0","54","1","0.000000","0","0"
"/Game/Realistic_Starter_VFX_Pack_Vol2/Materials/M_Paper.M_Paper","49","0","54","1","0.000000","0","0"
"/Game/Realistic_Starter_VFX_Pack_Vol2/Materials/M_Wood.M_Wood","49","0","90","1","0.000000","0","0"
"/Game/Realistic_Starter_VFX_Pack_Vol2/Materials/M_Lightning_small.M_Lightning_small","49","0","9","1","0.000000","0","0"
"/Game/Realistic_Starter_VFX_Pack_Vol2/Materials/M_Impact_B.M_Impact_B","49","0","9","1","0.000000","0","0"
"/Game/Realistic_Starter_VFX_Pack_Vol2/Materials/M_Glass.M_Glass","49","0","54","1","0.000000","0","0"
"/Game/Realistic_Starter_VFX_Pack_Vol2/Materials/M_Glow_D.M_Glow_D","49","0","9","1","0.000000","0","0"
"/Game/Realistic_Starter_VFX_Pack_Vol2/Materials/M_Fire_B.M_Fire_B","49","0","9","1","0.000000","0","0"
"/Game/Realistic_Starter_VFX_Pack_Vol2/Materials/M_Fire_C.M_Fire_C","49","0","9","1","0.000000","0","0"
"/Game/Realistic_Starter_VFX_Pack_Vol2/Materials/M_Flies.M_Flies","49","0","54","1","0.000000","0","0"
"/Game/Realistic_Starter_VFX_Pack_Vol2/Materials/M_Explosion_G.M_Explosion_G","49","0","72","1","0.000000","0","0"
"/Game/Realistic_Starter_VFX_Pack_Vol2/Materials/M_Explosion_D.M_Explosion_D","49","0","72","1","0.000000","0","0"
"/Game/Realistic_Starter_VFX_Pack_Vol2/Materials/M_WaterDrop_A.M_WaterDrop_A","49","0","69","1","0.000000","0","0"
"/Game/Realistic_Starter_VFX_Pack_Vol2/Materials/M_Impact_A.M_Impact_A","49","0","9","1","0.000000","0","0"
"/Game/Realistic_Starter_VFX_Pack_Vol2/Materials/M_Dirt_B.M_Dirt_B","49","0","54","1","0.000000","0","0"
"/Game/Realistic_Starter_VFX_Pack_Vol2/Materials/M_Dandelion.M_Dandelion","49","0","9","1","0.000000","0","0"
"/Game/Realistic_Starter_VFX_Pack_Vol2/Materials/M_Butterfly.M_Butterfly","49","0","15","1","0.000000","0","0"
"/Game/Realistic_Starter_VFX_Pack_Vol2/Materials/M_Bubble_pop.M_Bubble_Pop","49","0","9","1","0.000000","0","0"
"/Game/Realistic_Starter_VFX_Pack_Vol2/Materials/M_WaterDrop.M_WaterDrop","49","0","69","1","0.000000","0","0"
"/Game/Realistic_Starter_VFX_Pack_Vol2/Materials/M_Bubble.M_Bubble","49","0","9","1","0.000000","0","0"
"/Game/PCMHall/Materials/Prop/M_IN_WOOD_B.M_IN_WOOD_B","49","0","23","1","0.000000","0","0"
"/Game/PCMHall/Materials/Prop/M_IN_WINDOW_FRAME_A.M_IN_WINDOW_FRAME_A","49","0","23","1","0.000000","0","0"
"/Game/PCMHall/Materials/Prop/M_LIGHT_F_GLASS.M_LIGHT_F_GLASS","49","0","23","1","0.000000","0","0"
"/Game/PCMHall/Materials/Prop/M_IN_WALL_TILE_A.M_IN_WALL_TILE_A","49","0","23","1","0.000000","0","0"
"/Game/PCMHall/Materials/Prop/M_IN_TILE_A.M_IN_TILE_A","49","0","23","1","0.000000","0","0"
"/Game/PCMHall/Materials/Prop/M_IN_RACE_B.M_IN_RACE_B","49","0","46","1","0.000000","0","0"
"/Game/PCMHall/Materials/Prop/M_IN_RACE_A.M_IN_RACE_A","49","0","46","1","0.000000","0","0"
"/Game/PCMHall/Materials/Prop/M_IN_CHAIR_A.M_IN_CHAIR_A","49","0","23","1","0.000000","0","0"
"/Game/PCMHall/Materials/Prop/M_CABINET_GOLD_A.M_CABINET_GOLD_A","49","0","23","1","0.000000","0","0"
"/Game/PCMHall/Materials/Prop/M_DIS_PROP_2_GLASS.M_DIS_PROP_2_GLASS","49","0","33","1","0.000000","0","0"
"/Game/PCMHall/Materials/Master/M_METAL_MASTER.M_METAL_MASTER","49","0","23","1","0.000000","0","0"
"/Game/PCMHall/Materials/Master/M_GLASS_MASTER_BLACK.M_GLASS_MASTER_BLACK","49","0","33","1","0.000000","0","0"
"/Game/LPGenericPropsSet10/Materials/Generic/M_GenericBlend.M_GenericBlend","49","0","23","1","0.000000","0","0"
"/Game/Realistic_Starter_VFX_Pack_Vol2/Materials/M_Dirt_A.M_Dirt_A","49","0","54","1","0.000000","0","0"
"/Game/LPGenericPropsSet10/Materials/Generic/M_GenericRoad.M_GenericRoad","49","0","155","1","0.000000","0","0"
"/Game/LPGenericPropsSet10/Materials/Generic/M_GenericLabel.M_GenericLabel","49","0","155","1","0.000000","0","0"
"/Engine/EngineMaterials/PPM_DefaultCalibrationGrayscale.PPM_DefaultCalibrationGrayscale","49","0","4","1","0.000000","0","0"
"/Game/low-poly-vehicle-mini-pack-3/source/bus_long_001.bus_long_001","49","0","26","1","0.000000","0","0"
"/Game/low-poly-vehicle-mini-pack-3/source/bus_001.bus_001","49","0","26","1","0.000000","0","0"
"/Game/kids/Ch46_body.Ch46_body","49","0","26","1","0.000000","0","0"
"/Game/Realistic_Starter_VFX_Pack_Vol2/Materials/M_Fire_Splat.M_Fire_Splat","49","0","9","1","0.000000","0","0"
"/Game/LPGenericPropsSet10/Materials/Generic/M_GenericBricks.M_GenericBricks","49","0","155","1","0.000000","0","0"
"/Game/LPGenericPropsSet10/Materials/Generic/M_Generic.M_Generic","49","0","310","2","0.000000","0","0"
"/Game/PCMHall/Materials/Ground/M_GROUND.M_GROUND","49","0","23","1","0.000000","0","0"
"/Engine/EngineMaterials/PPM_DefaultCalibrationColor.PPM_DefaultCalibrationColor","49","0","4","1","0.000000","0","0"
"/Engine/EditorMaterials/PreviewShadowIndicatorMaterial.PreviewShadowIndicatorMaterial","49","0","44","1","0.000000","0","0"
"/Engine/EngineSky/M_Sky_Panning_Clouds2.M_Sky_Panning_Clouds2","49","0","4","1","0.000000","0","0"
"/Game/Realistic_Starter_VFX_Pack_Vol2/Materials/M_Leaves_A.M_Leaves_A","49","0","91","1","0.000000","0","0"
"/Engine/EngineSky/VolumetricClouds/m_SimpleVolumetricCloud.m_SimpleVolumetricCloud","49","0","68","1","0.000000","0","0"
"/Engine/VREditor/SnapGrid/SnapGridMaterial.SnapGridMaterial","49","0","10","1","0.000000","0","0"
"/Game/PCMHall/Materials/Master/M_DECAL.M_DECAL","49","0","21","1","0.000000","0","0"
"/Game/LPGenericPropsSet10/Materials/Generic/M_GenericDecal.M_GenericDecal","49","0","46","1","0.000000","0","0"
"/Game/Realistic_Starter_VFX_Pack_Vol2/Materials/M_Glow_B.M_Glow_B","49","0","9","1","0.000000","0","0"
"/Game/Realistic_Starter_VFX_Pack_Vol2/Materials/M_Glow_A.M_Glow_A","49","0","9","1","0.000000","0","0"
"/Game/Realistic_Starter_VFX_Pack_Vol2/Materials/M_Snow.M_Snow","49","0","9","1","0.000000","0","0"
"/Game/Characters/Mannequin_UE4/Materials/M_MannequinUE4_Body.M_MannequinUE4_Body","49","0","124","2","0.000000","0","0"
"/Game/Realistic_Starter_VFX_Pack_Vol2/Materials/M_Fish_A.M_Fish_A","49","0","120","1","0.000000","0","0"
"/Game/PCMHall/Materials/Master/M_BASE_MASTER.M_BASE_MASTER","49","0","81","3","0.000000","0","0"
"/Game/PCMHall/Materials/Master/M_GLASS_MASTER_2.M_GLASS_MASTER_2","49","0","35","1","0.000000","0","0"
"/Game/PCMHall/Materials/Master/M_GLASS_MASTER.M_GLASS_MASTER","49","0","27","1","0.000000","0","0"
"/Game/PCMHall/Materials/M_IN_GLASS_A.M_IN_GLASS_A","49","0","27","1","0.000000","0","0"
"/Game/Characters/Mannequins/Materials/M_Mannequin.M_Mannequin","49","0","60","2","0.000000","0","60"
"/Game/LevelPrototyping/Materials/M_PrototypeGrid.M_PrototypeGrid","49","0","69","3","0.000000","0","23"
"/Interchange/gltf/M_Unlit.M_Unlit","49","0","70","6","0.000000","0","0"
"/SpeedTreeImporter/SpeedTree9/SpeedTreeBillboardMaster.SpeedTreeBillboardMaster","49","0","66","1","0.000000","0","0"
"/SpeedTreeImporter/SpeedTree9/SpeedTreeMaster.SpeedTreeMaster","49","0","92","1","0.000000","0","0"
"/Interchange/gltf/M_SpecularGlossiness.M_SpecularGlossiness","49","0","144","6","0.000000","0","0"
"/Interchange/gltf/M_Transmission.M_Transmission","49","0","50","2","0.000000","0","0"
"/Interchange/gltf/M_Sheen.M_Sheen","49","0","144","6","0.000000","0","0"
"/Interchange/gltf/M_ClearCoat.M_ClearCoat","49","0","144","6","0.000000","0","0"
"/Interchange/gltf/M_Default.M_Default","49","0","144","6","0.000000","0","0"
